<?xml version="1.0" encoding="UTF-8" standalone="no"?>
<project>
	<configuration id="com.atollic.truestudio.exe.debug.412958785" name="APOLLO256-KBR_Release">
		<extension point="org.eclipse.cdt.core.LanguageSettingsProvider">
			<provider copy-of="extension" id="org.eclipse.cdt.ui.UserLanguageSettingsProvider"/>
			<provider-reference id="org.eclipse.cdt.managedbuilder.core.MBSLanguageSettingsProvider" ref="shared-provider"/>
			<provider class="com.atollic.truestudio.mbs.GCCSpecsDetectorAtollicArm" console="false" env-hash="1436312523215834238" id="com.atollic.truestudio.mbs.provider" keep-relative-paths="false" name="Atollic ARM Tools Language Settings" parameter="${COMMAND} -E -P -v -dD &quot;${INPUTS}&quot;" prefer-non-shared="true">
				<language-scope id="org.eclipse.cdt.core.gcc"/>
				<language-scope id="org.eclipse.cdt.core.g++"/>
			</provider>
		</extension>
	</configuration>
	<configuration id="com.atollic.truestudio.exe.debug.310455068" name="APOLLO256-KCR_Release">
		<extension point="org.eclipse.cdt.core.LanguageSettingsProvider">
			<provider copy-of="extension" id="org.eclipse.cdt.ui.UserLanguageSettingsProvider"/>
			<provider-reference id="org.eclipse.cdt.managedbuilder.core.MBSLanguageSettingsProvider" ref="shared-provider"/>
			<provider class="com.atollic.truestudio.mbs.GCCSpecsDetectorAtollicArm" console="false" env-hash="1436312523215834238" id="com.atollic.truestudio.mbs.provider" keep-relative-paths="false" name="Atollic ARM Tools Language Settings" parameter="${COMMAND} -E -P -v -dD &quot;${INPUTS}&quot;" prefer-non-shared="true">
				<language-scope id="org.eclipse.cdt.core.gcc"/>
				<language-scope id="org.eclipse.cdt.core.g++"/>
			</provider>
		</extension>
	</configuration>
	<configuration id="com.atollic.truestudio.exe.debug.709336610" name="APOLLO512-KBR_Release">
		<extension point="org.eclipse.cdt.core.LanguageSettingsProvider">
			<provider copy-of="extension" id="org.eclipse.cdt.ui.UserLanguageSettingsProvider"/>
			<provider-reference id="org.eclipse.cdt.managedbuilder.core.MBSLanguageSettingsProvider" ref="shared-provider"/>
			<provider class="com.atollic.truestudio.mbs.GCCSpecsDetectorAtollicArm" console="false" env-hash="1436312523215834238" id="com.atollic.truestudio.mbs.provider" keep-relative-paths="false" name="Atollic ARM Tools Language Settings" parameter="${COMMAND} -E -P -v -dD &quot;${INPUTS}&quot;" prefer-non-shared="true">
				<language-scope id="org.eclipse.cdt.core.gcc"/>
				<language-scope id="org.eclipse.cdt.core.g++"/>
			</provider>
		</extension>
	</configuration>
	<configuration id="com.atollic.truestudio.exe.debug.179386481" name="APOLLO512-KCR_Release">
		<extension point="org.eclipse.cdt.core.LanguageSettingsProvider">
			<provider copy-of="extension" id="org.eclipse.cdt.ui.UserLanguageSettingsProvider"/>
			<provider-reference id="org.eclipse.cdt.managedbuilder.core.MBSLanguageSettingsProvider" ref="shared-provider"/>
			<provider class="com.atollic.truestudio.mbs.GCCSpecsDetectorAtollicArm" console="false" env-hash="1436312523215834238" id="com.atollic.truestudio.mbs.provider" keep-relative-paths="false" name="Atollic ARM Tools Language Settings" parameter="${COMMAND} -E -P -v -dD &quot;${INPUTS}&quot;" prefer-non-shared="true">
				<language-scope id="org.eclipse.cdt.core.gcc"/>
				<language-scope id="org.eclipse.cdt.core.g++"/>
			</provider>
		</extension>
	</configuration>
</project>
